{
  "fish_01": {
    "precision": 0.0,
    "recall": 0.0,
    "f1-score": 0.0,
    "support": 2422.0
  },
  "fish_02": {
    "precision": 0.0,
    "recall": 0.0,
    "f1-score": 0.0,
    "support": 537.0
  },
  "fish_03": {
    "precision": 0.0,
    "recall": 0.0,
    "f1-score": 0.0,
    "support": 719.0
  },
  "fish_04": {
    "precision": 0.0,
    "recall": 0.0,
    "f1-score": 0.0,
    "support": 810.0
  },
  "fish_05": {
    "precision": 0.0,
    "recall": 0.0,
    "f1-score": 0.0,
    "support": 507.0
  },
  "fish_06": {
    "precision": 0.03216911764705882,
    "recall": 0.9210526315789473,
    "f1-score": 0.06216696269982238,
    "support": 38.0
  },
  "fish_07": {
    "precision": 0.34782608695652173,
    "recall": 0.9777777777777777,
    "f1-score": 0.5131195335276968,
    "support": 90.0
  },
  "fish_08": {
    "precision": 0.03375912408759124,
    "recall": 0.8409090909090909,
    "f1-score": 0.06491228070175438,
    "support": 44.0
  },
  "fish_09": {
    "precision": 0.42342342342342343,
    "recall": 0.9791666666666666,
    "f1-score": 0.5911949685534591,
    "support": 48.0
  },
  "fish_10": {
    "precision": 0.472,
    "recall": 0.9833333333333333,
    "f1-score": 0.6378378378378379,
    "support": 60.0
  },
  "fish_11": {
    "precision": 0.21505376344086022,
    "recall": 1.0,
    "f1-score": 0.35398230088495575,
    "support": 20.0
  },
  "fish_12": {
    "precision": 0.039780521262002745,
    "recall": 1.0,
    "f1-score": 0.07651715039577836,
    "support": 29.0
  },
  "fish_13": {
    "precision": 0.16346153846153846,
    "recall": 0.9444444444444444,
    "f1-score": 0.2786885245901639,
    "support": 36.0
  },
  "fish_14": {
    "precision": 0.029315960912052116,
    "recall": 1.0,
    "f1-score": 0.056962025316455694,
    "support": 18.0
  },
  "fish_15": {
    "precision": 0.021052631578947368,
    "recall": 0.75,
    "f1-score": 0.040955631399317405,
    "support": 8.0
  },
  "fish_16": {
    "precision": 0.18222222222222223,
    "recall": 1.0,
    "f1-score": 0.3082706766917293,
    "support": 41.0
  },
  "fish_17": {
    "precision": 0.09900990099009901,
    "recall": 1.0,
    "f1-score": 0.18018018018018017,
    "support": 10.0
  },
  "fish_18": {
    "precision": 0.20754716981132076,
    "recall": 1.0,
    "f1-score": 0.34375,
    "support": 11.0
  },
  "fish_19": {
    "precision": 0.375,
    "recall": 1.0,
    "f1-score": 0.5454545454545454,
    "support": 6.0
  },
  "fish_20": {
    "precision": 0.75,
    "recall": 0.75,
    "f1-score": 0.75,
    "support": 4.0
  },
  "fish_21": {
    "precision": 0.015384615384615385,
    "recall": 0.3333333333333333,
    "f1-score": 0.029411764705882353,
    "support": 3.0
  },
  "fish_22": {
    "precision": 0.020151133501259445,
    "recall": 1.0,
    "f1-score": 0.03950617283950617,
    "support": 8.0
  },
  "fish_23": {
    "precision": 0.45454545454545453,
    "recall": 1.0,
    "f1-score": 0.625,
    "support": 5.0
  },
  "accuracy": 0.08366824990865912,
  "macro avg": {
    "precision": 0.16876968105325946,
    "recall": 0.7165224903497215,
    "f1-score": 0.23903958938169936,
    "support": 5474.0
  },
  "weighted avg": {
    "precision": 0.020673411285305174,
    "recall": 0.08366824990865912,
    "f1-score": 0.030463175918676748,
    "support": 5474.0
  }
}