{
  "fish_01": {
    "precision": 0.0,
    "recall": 0.0,
    "f1-score": 0.0,
    "support": 2422.0
  },
  "fish_02": {
    "precision": 0.0,
    "recall": 0.0,
    "f1-score": 0.0,
    "support": 537.0
  },
  "fish_03": {
    "precision": 0.0,
    "recall": 0.0,
    "f1-score": 0.0,
    "support": 719.0
  },
  "fish_04": {
    "precision": 0.0,
    "recall": 0.0,
    "f1-score": 0.0,
    "support": 810.0
  },
  "fish_05": {
    "precision": 0.0,
    "recall": 0.0,
    "f1-score": 0.0,
    "support": 507.0
  },
  "fish_06": {
    "precision": 0.033235581622678395,
    "recall": 0.8947368421052632,
    "f1-score": 0.0640904806786051,
    "support": 38.0
  },
  "fish_07": {
    "precision": 0.40487804878048783,
    "recall": 0.9222222222222223,
    "f1-score": 0.5627118644067797,
    "support": 90.0
  },
  "fish_08": {
    "precision": 0.04177215189873418,
    "recall": 0.75,
    "f1-score": 0.07913669064748201,
    "support": 44.0
  },
  "fish_09": {
    "precision": 0.6575342465753424,
    "recall": 1.0,
    "f1-score": 0.7933884297520661,
    "support": 48.0
  },
  "fish_10": {
    "precision": 0.37579617834394907,
    "recall": 0.9833333333333333,
    "f1-score": 0.543778801843318,
    "support": 60.0
  },
  "fish_11": {
    "precision": 0.19047619047619047,
    "recall": 1.0,
    "f1-score": 0.32,
    "support": 20.0
  },
  "fish_12": {
    "precision": 0.04296296296296296,
    "recall": 1.0,
    "f1-score": 0.08238636363636363,
    "support": 29.0
  },
  "fish_13": {
    "precision": 0.10429447852760736,
    "recall": 0.9444444444444444,
    "f1-score": 0.1878453038674033,
    "support": 36.0
  },
  "fish_14": {
    "precision": 0.019629225736095966,
    "recall": 1.0,
    "f1-score": 0.038502673796791446,
    "support": 18.0
  },
  "fish_15": {
    "precision": 0.04201680672268908,
    "recall": 0.625,
    "f1-score": 0.07874015748031496,
    "support": 8.0
  },
  "fish_16": {
    "precision": 0.19523809523809524,
    "recall": 1.0,
    "f1-score": 0.32669322709163345,
    "support": 41.0
  },
  "fish_17": {
    "precision": 0.07575757575757576,
    "recall": 1.0,
    "f1-score": 0.14084507042253522,
    "support": 10.0
  },
  "fish_18": {
    "precision": 0.19298245614035087,
    "recall": 1.0,
    "f1-score": 0.3235294117647059,
    "support": 11.0
  },
  "fish_19": {
    "precision": 0.1935483870967742,
    "recall": 1.0,
    "f1-score": 0.32432432432432434,
    "support": 6.0
  },
  "fish_20": {
    "precision": 0.75,
    "recall": 0.75,
    "f1-score": 0.75,
    "support": 4.0
  },
  "fish_21": {
    "precision": 0.005988023952095809,
    "recall": 0.3333333333333333,
    "f1-score": 0.011764705882352941,
    "support": 3.0
  },
  "fish_22": {
    "precision": 0.017660044150110375,
    "recall": 1.0,
    "f1-score": 0.03470715835140998,
    "support": 8.0
  },
  "fish_23": {
    "precision": 0.16666666666666666,
    "recall": 1.0,
    "f1-score": 0.2857142857142857,
    "support": 5.0
  },
  "accuracy": 0.08184143222506395,
  "macro avg": {
    "precision": 0.1526277008977568,
    "recall": 0.7044813119755912,
    "f1-score": 0.21513734563740747,
    "support": 5474.0
  },
  "weighted avg": {
    "precision": 0.021773454503476595,
    "recall": 0.08184143222506395,
    "f1-score": 0.030908780300661347,
    "support": 5474.0
  }
}