{
  "fish_01": {
    "precision": 0.0,
    "recall": 0.0,
    "f1-score": 0.0,
    "support": 2422.0
  },
  "fish_02": {
    "precision": 0.0,
    "recall": 0.0,
    "f1-score": 0.0,
    "support": 537.0
  },
  "fish_03": {
    "precision": 0.0,
    "recall": 0.0,
    "f1-score": 0.0,
    "support": 719.0
  },
  "fish_04": {
    "precision": 0.0,
    "recall": 0.0,
    "f1-score": 0.0,
    "support": 810.0
  },
  "fish_05": {
    "precision": 0.0,
    "recall": 0.0,
    "f1-score": 0.0,
    "support": 507.0
  },
  "fish_06": {
    "precision": 0.04798962386511025,
    "recall": 0.9736842105263158,
    "f1-score": 0.09147095179233622,
    "support": 38.0
  },
  "fish_07": {
    "precision": 0.4,
    "recall": 0.9777777777777777,
    "f1-score": 0.567741935483871,
    "support": 90.0
  },
  "fish_08": {
    "precision": 0.029766693483507644,
    "recall": 0.8409090909090909,
    "f1-score": 0.057498057498057496,
    "support": 44.0
  },
  "fish_09": {
    "precision": 0.7142857142857143,
    "recall": 0.9375,
    "f1-score": 0.8108108108108109,
    "support": 48.0
  },
  "fish_10": {
    "precision": 0.28095238095238095,
    "recall": 0.9833333333333333,
    "f1-score": 0.43703703703703706,
    "support": 60.0
  },
  "fish_11": {
    "precision": 0.5882352941176471,
    "recall": 1.0,
    "f1-score": 0.7407407407407407,
    "support": 20.0
  },
  "fish_12": {
    "precision": 0.058212058212058215,
    "recall": 0.9655172413793104,
    "f1-score": 0.10980392156862745,
    "support": 29.0
  },
  "fish_13": {
    "precision": 0.1037463976945245,
    "recall": 1.0,
    "f1-score": 0.18798955613577023,
    "support": 36.0
  },
  "fish_14": {
    "precision": 0.024355300859598854,
    "recall": 0.9444444444444444,
    "f1-score": 0.04748603351955307,
    "support": 18.0
  },
  "fish_15": {
    "precision": 0.014319809069212411,
    "recall": 0.75,
    "f1-score": 0.02810304449648712,
    "support": 8.0
  },
  "fish_16": {
    "precision": 0.14487632508833923,
    "recall": 1.0,
    "f1-score": 0.25308641975308643,
    "support": 41.0
  },
  "fish_17": {
    "precision": 0.12195121951219512,
    "recall": 1.0,
    "f1-score": 0.21739130434782608,
    "support": 10.0
  },
  "fish_18": {
    "precision": 0.12643678160919541,
    "recall": 1.0,
    "f1-score": 0.22448979591836735,
    "support": 11.0
  },
  "fish_19": {
    "precision": 0.5454545454545454,
    "recall": 1.0,
    "f1-score": 0.7058823529411765,
    "support": 6.0
  },
  "fish_20": {
    "precision": 0.3,
    "recall": 0.75,
    "f1-score": 0.42857142857142855,
    "support": 4.0
  },
  "fish_21": {
    "precision": 0.004739336492890996,
    "recall": 0.3333333333333333,
    "f1-score": 0.009345794392523364,
    "support": 3.0
  },
  "fish_22": {
    "precision": 0.02973977695167286,
    "recall": 1.0,
    "f1-score": 0.05776173285198556,
    "support": 8.0
  },
  "fish_23": {
    "precision": 0.14285714285714285,
    "recall": 1.0,
    "f1-score": 0.25,
    "support": 5.0
  },
  "accuracy": 0.08366824990865912,
  "macro avg": {
    "precision": 0.15990949567416246,
    "recall": 0.7154999752914611,
    "f1-score": 0.22718308338520368,
    "support": 5474.0
  },
  "weighted avg": {
    "precision": 0.022288321606154127,
    "recall": 0.08366824990865912,
    "f1-score": 0.03120197417603444,
    "support": 5474.0
  }
}