{
  "fish_01": {
    "precision": 0.0,
    "recall": 0.0,
    "f1-score": 0.0,
    "support": 2422.0
  },
  "fish_02": {
    "precision": 0.0,
    "recall": 0.0,
    "f1-score": 0.0,
    "support": 537.0
  },
  "fish_03": {
    "precision": 0.0,
    "recall": 0.0,
    "f1-score": 0.0,
    "support": 719.0
  },
  "fish_04": {
    "precision": 0.0,
    "recall": 0.0,
    "f1-score": 0.0,
    "support": 810.0
  },
  "fish_05": {
    "precision": 0.0,
    "recall": 0.0,
    "f1-score": 0.0,
    "support": 507.0
  },
  "fish_06": {
    "precision": 0.025943396226415096,
    "recall": 0.868421052631579,
    "f1-score": 0.050381679389312976,
    "support": 38.0
  },
  "fish_07": {
    "precision": 0.27217125382262997,
    "recall": 0.9888888888888889,
    "f1-score": 0.42685851318944845,
    "support": 90.0
  },
  "fish_08": {
    "precision": 0.03315881326352531,
    "recall": 0.8636363636363636,
    "f1-score": 0.06386554621848739,
    "support": 44.0
  },
  "fish_09": {
    "precision": 0.9591836734693877,
    "recall": 0.9791666666666666,
    "f1-score": 0.9690721649484536,
    "support": 48.0
  },
  "fish_10": {
    "precision": 0.19471947194719472,
    "recall": 0.9833333333333333,
    "f1-score": 0.325068870523416,
    "support": 60.0
  },
  "fish_11": {
    "precision": 0.1724137931034483,
    "recall": 1.0,
    "f1-score": 0.29411764705882354,
    "support": 20.0
  },
  "fish_12": {
    "precision": 0.06079664570230608,
    "recall": 1.0,
    "f1-score": 0.11462450592885376,
    "support": 29.0
  },
  "fish_13": {
    "precision": 0.1267605633802817,
    "recall": 1.0,
    "f1-score": 0.225,
    "support": 36.0
  },
  "fish_14": {
    "precision": 0.02666666666666667,
    "recall": 1.0,
    "f1-score": 0.05194805194805195,
    "support": 18.0
  },
  "fish_15": {
    "precision": 0.0707070707070707,
    "recall": 0.875,
    "f1-score": 0.1308411214953271,
    "support": 8.0
  },
  "fish_16": {
    "precision": 0.25625,
    "recall": 1.0,
    "f1-score": 0.4079601990049751,
    "support": 41.0
  },
  "fish_17": {
    "precision": 0.04830917874396135,
    "recall": 1.0,
    "f1-score": 0.09216589861751152,
    "support": 10.0
  },
  "fish_18": {
    "precision": 0.44,
    "recall": 1.0,
    "f1-score": 0.6111111111111112,
    "support": 11.0
  },
  "fish_19": {
    "precision": 0.3157894736842105,
    "recall": 1.0,
    "f1-score": 0.48,
    "support": 6.0
  },
  "fish_20": {
    "precision": 0.375,
    "recall": 0.75,
    "f1-score": 0.5,
    "support": 4.0
  },
  "fish_21": {
    "precision": 0.010309278350515464,
    "recall": 0.3333333333333333,
    "f1-score": 0.02,
    "support": 3.0
  },
  "fish_22": {
    "precision": 0.043010752688172046,
    "recall": 1.0,
    "f1-score": 0.08247422680412371,
    "support": 8.0
  },
  "fish_23": {
    "precision": 0.20833333333333334,
    "recall": 1.0,
    "f1-score": 0.3448275862068966,
    "support": 5.0
  },
  "accuracy": 0.08421629521373766,
  "macro avg": {
    "precision": 0.15824014630822258,
    "recall": 0.7235556364560941,
    "f1-score": 0.22566596184542576,
    "support": 5474.0
  },
  "weighted avg": {
    "precision": 0.021213995052091504,
    "recall": 0.08421629521373766,
    "f1-score": 0.029255368801534162,
    "support": 5474.0
  }
}