{
  "fish_01": {
    "precision": 0.0,
    "recall": 0.0,
    "f1-score": 0.0,
    "support": 2422.0
  },
  "fish_02": {
    "precision": 0.0,
    "recall": 0.0,
    "f1-score": 0.0,
    "support": 537.0
  },
  "fish_03": {
    "precision": 0.0,
    "recall": 0.0,
    "f1-score": 0.0,
    "support": 719.0
  },
  "fish_04": {
    "precision": 0.0,
    "recall": 0.0,
    "f1-score": 0.0,
    "support": 810.0
  },
  "fish_05": {
    "precision": 0.0,
    "recall": 0.0,
    "f1-score": 0.0,
    "support": 507.0
  },
  "fish_06": {
    "precision": 0.02835696413678065,
    "recall": 0.8947368421052632,
    "f1-score": 0.0549717057396928,
    "support": 38.0
  },
  "fish_07": {
    "precision": 0.4142857142857143,
    "recall": 0.9666666666666667,
    "f1-score": 0.58,
    "support": 90.0
  },
  "fish_08": {
    "precision": 0.039735099337748346,
    "recall": 0.8181818181818182,
    "f1-score": 0.07578947368421053,
    "support": 44.0
  },
  "fish_09": {
    "precision": 0.49473684210526314,
    "recall": 0.9791666666666666,
    "f1-score": 0.6573426573426573,
    "support": 48.0
  },
  "fish_10": {
    "precision": 0.29949238578680204,
    "recall": 0.9833333333333333,
    "f1-score": 0.4591439688715953,
    "support": 60.0
  },
  "fish_11": {
    "precision": 0.19047619047619047,
    "recall": 1.0,
    "f1-score": 0.32,
    "support": 20.0
  },
  "fish_12": {
    "precision": 0.07563025210084033,
    "recall": 0.9310344827586207,
    "f1-score": 0.13989637305699482,
    "support": 29.0
  },
  "fish_13": {
    "precision": 0.07327586206896551,
    "recall": 0.9444444444444444,
    "f1-score": 0.136,
    "support": 36.0
  },
  "fish_14": {
    "precision": 0.022388059701492536,
    "recall": 1.0,
    "f1-score": 0.043795620437956206,
    "support": 18.0
  },
  "fish_15": {
    "precision": 0.017595307917888565,
    "recall": 0.75,
    "f1-score": 0.034383954154727794,
    "support": 8.0
  },
  "fish_16": {
    "precision": 0.11357340720221606,
    "recall": 1.0,
    "f1-score": 0.20398009950248755,
    "support": 41.0
  },
  "fish_17": {
    "precision": 0.1282051282051282,
    "recall": 1.0,
    "f1-score": 0.22727272727272727,
    "support": 10.0
  },
  "fish_18": {
    "precision": 0.22916666666666666,
    "recall": 1.0,
    "f1-score": 0.3728813559322034,
    "support": 11.0
  },
  "fish_19": {
    "precision": 0.20689655172413793,
    "recall": 1.0,
    "f1-score": 0.34285714285714286,
    "support": 6.0
  },
  "fish_20": {
    "precision": 1.0,
    "recall": 0.75,
    "f1-score": 0.8571428571428571,
    "support": 4.0
  },
  "fish_21": {
    "precision": 0.01639344262295082,
    "recall": 0.3333333333333333,
    "f1-score": 0.03125,
    "support": 3.0
  },
  "fish_22": {
    "precision": 0.041025641025641026,
    "recall": 1.0,
    "f1-score": 0.07881773399014778,
    "support": 8.0
  },
  "fish_23": {
    "precision": 0.23809523809523808,
    "recall": 1.0,
    "f1-score": 0.38461538461538464,
    "support": 5.0
  },
  "accuracy": 0.08275484106686153,
  "macro avg": {
    "precision": 0.15779690232433324,
    "recall": 0.7109085907604411,
    "f1-score": 0.21739743715655588,
    "support": 5474.0
  },
  "weighted avg": {
    "precision": 0.01941571973374224,
    "recall": 0.08275484106686153,
    "f1-score": 0.0285005159504981,
    "support": 5474.0
  }
}