{
  "fish_01": {
    "precision": 0.0,
    "recall": 0.0,
    "f1-score": 0.0,
    "support": 2422.0
  },
  "fish_02": {
    "precision": 0.0,
    "recall": 0.0,
    "f1-score": 0.0,
    "support": 537.0
  },
  "fish_03": {
    "precision": 0.0,
    "recall": 0.0,
    "f1-score": 0.0,
    "support": 719.0
  },
  "fish_04": {
    "precision": 0.0,
    "recall": 0.0,
    "f1-score": 0.0,
    "support": 810.0
  },
  "fish_05": {
    "precision": 0.0,
    "recall": 0.0,
    "f1-score": 0.0,
    "support": 507.0
  },
  "fish_06": {
    "precision": 0.028455284552845527,
    "recall": 0.9210526315789473,
    "f1-score": 0.055205047318611984,
    "support": 38.0
  },
  "fish_07": {
    "precision": 0.2814569536423841,
    "recall": 0.9444444444444444,
    "f1-score": 0.4336734693877551,
    "support": 90.0
  },
  "fish_08": {
    "precision": 0.03290129611166501,
    "recall": 0.75,
    "f1-score": 0.06303724928366762,
    "support": 44.0
  },
  "fish_09": {
    "precision": 0.734375,
    "recall": 0.9791666666666666,
    "f1-score": 0.8392857142857143,
    "support": 48.0
  },
  "fish_10": {
    "precision": 0.5309734513274337,
    "recall": 1.0,
    "f1-score": 0.6936416184971098,
    "support": 60.0
  },
  "fish_11": {
    "precision": 0.3275862068965517,
    "recall": 0.95,
    "f1-score": 0.48717948717948717,
    "support": 20.0
  },
  "fish_12": {
    "precision": 0.05075187969924812,
    "recall": 0.9310344827586207,
    "f1-score": 0.0962566844919786,
    "support": 29.0
  },
  "fish_13": {
    "precision": 0.12186379928315412,
    "recall": 0.9444444444444444,
    "f1-score": 0.21587301587301588,
    "support": 36.0
  },
  "fish_14": {
    "precision": 0.025525525525525526,
    "recall": 0.9444444444444444,
    "f1-score": 0.049707602339181284,
    "support": 18.0
  },
  "fish_15": {
    "precision": 0.01935483870967742,
    "recall": 0.75,
    "f1-score": 0.03773584905660377,
    "support": 8.0
  },
  "fish_16": {
    "precision": 0.1362126245847176,
    "recall": 1.0,
    "f1-score": 0.23976608187134502,
    "support": 41.0
  },
  "fish_17": {
    "precision": 0.07352941176470588,
    "recall": 1.0,
    "f1-score": 0.136986301369863,
    "support": 10.0
  },
  "fish_18": {
    "precision": 0.2558139534883721,
    "recall": 1.0,
    "f1-score": 0.4074074074074074,
    "support": 11.0
  },
  "fish_19": {
    "precision": 0.1875,
    "recall": 1.0,
    "f1-score": 0.3157894736842105,
    "support": 6.0
  },
  "fish_20": {
    "precision": 0.2727272727272727,
    "recall": 0.75,
    "f1-score": 0.4,
    "support": 4.0
  },
  "fish_21": {
    "precision": 0.011363636363636364,
    "recall": 0.3333333333333333,
    "f1-score": 0.02197802197802198,
    "support": 3.0
  },
  "fish_22": {
    "precision": 0.02857142857142857,
    "recall": 1.0,
    "f1-score": 0.05555555555555555,
    "support": 8.0
  },
  "fish_23": {
    "precision": 0.19230769230769232,
    "recall": 1.0,
    "f1-score": 0.3225806451612903,
    "support": 5.0
  },
  "accuracy": 0.08184143222506395,
  "macro avg": {
    "precision": 0.14396827198070913,
    "recall": 0.7042574107683002,
    "f1-score": 0.21181127064090519,
    "support": 5474.0
  },
  "weighted avg": {
    "precision": 0.02202548217866717,
    "recall": 0.08184143222506395,
    "f1-score": 0.030801810858068462,
    "support": 5474.0
  }
}